-- Destructive seed generated from 选课分享.xlsx and TIC2选课.xlsx.
-- This file deletes existing course data before importing.
-- Execute supabase/schema.sql first, then run this file in Supabase SQL Editor.
begin;
delete from reviews;
delete from resources;
delete from course_offerings;
delete from teachers;
delete from courses;
insert into courses (id, name, category, audience, program, aliases, summary) values ('course-001-基础物理学（3）', '基础物理学（3）', '', '', '课程概要', array[]::text[], '');
insert into courses (id, name, category, audience, program, aliases, summary) values ('course-002-化学原理', '化学原理', '', '', '课程概要', array[]::text[], '');
insert into courses (id, name, category, audience, program, aliases, summary) values ('course-003-无机及分析化学实验b', '无机及分析化学实验B', '', '', '课程概要', array[]::text[], '');
insert into courses (id, name, category, audience, program, aliases, summary) values ('course-004-综合化学实验', '综合化学实验', '', '', '课程概要', array[]::text[], '');
insert into courses (id, name, category, audience, program, aliases, summary) values ('course-005-工科领导力', '工科领导力', '', '', '课程概要', array[]::text[], '');
insert into courses (id, name, category, audience, program, aliases, summary) values ('course-006-马克思主义基本原理', '马克思主义基本原理', '', '', '课程概要', array[]::text[], '');
insert into courses (id, name, category, audience, program, aliases, summary) values ('course-007-概率论与数理统计', '概率论与数理统计', '', '', '课程概要', array[]::text[], '');
insert into courses (id, name, category, audience, program, aliases, summary) values ('course-008-概率论与随机过程', '概率论与随机过程', '', '', '课程概要', array[]::text[], '');
insert into courses (id, name, category, audience, program, aliases, summary) values ('course-009-随机数学与统计', '随机数学与统计', '', '', '课程概要', array[]::text[], '');
insert into courses (id, name, category, audience, program, aliases, summary) values ('course-010-信号与系统', '信号与系统', '', '', '课程概要', array[]::text[], '');
insert into courses (id, name, category, audience, program, aliases, summary) values ('course-011-测试与检测技术基础', '测试与检测技术基础', '', '', '课程概要', array[]::text[], '');
insert into courses (id, name, category, audience, program, aliases, summary) values ('course-012-控制工程基础', '控制工程基础', '', '', '课程概要', array[]::text[], '');
insert into courses (id, name, category, audience, program, aliases, summary) values ('course-013-光学工程基础（1）', '光学工程基础（1）', '', '', '课程概要', array[]::text[], '');
insert into courses (id, name, category, audience, program, aliases, summary) values ('course-014-材料力学性能基础', '材料力学性能基础', '', '', '课程概要', array[]::text[], '');
insert into courses (id, name, category, audience, program, aliases, summary) values ('course-015-材料制备科学与工程', '材料制备科学与工程', '', '', '课程概要', array[]::text[], '');
insert into courses (id, name, category, audience, program, aliases, summary) values ('course-016-材料分析与表征', '材料分析与表征', '', '', '课程概要', array[]::text[], '');
insert into courses (id, name, category, audience, program, aliases, summary) values ('course-017-集成电路制造技术', '集成电路制造技术', '', '', '课程概要', array[]::text[], '');
insert into courses (id, name, category, audience, program, aliases, summary) values ('course-018-电子电路与系统基础（1）', '电子电路与系统基础（1）', '', '', '课程概要', array[]::text[], '');
insert into courses (id, name, category, audience, program, aliases, summary) values ('course-019-微积分a', '微积分A', '', '', '课程概要', array[]::text[], '');
insert into courses (id, name, category, audience, program, aliases, summary) values ('course-020-线性代数', '线性代数', '', '', '课程概要', array[]::text[], '');
insert into courses (id, name, category, audience, program, aliases, summary) values ('course-021-计算机程序设计基础', '计算机程序设计基础', '', '', '课程概要', array[]::text[], '');
insert into courses (id, name, category, audience, program, aliases, summary) values ('course-022-写作与沟通', '写作与沟通', '', '', '课程概要', array[]::text[], '');
insert into courses (id, name, category, audience, program, aliases, summary) values ('course-023-电子电路与系统基础（四学分）', '电子电路与系统基础（四学分）', '', '', '课程概要', array[]::text[], '');
insert into courses (id, name, category, audience, program, aliases, summary) values ('course-024-基础物理学(1)', '基础物理学(1)', '', '', '课程概要', array[]::text[], '');
insert into courses (id, name, category, audience, program, aliases, summary) values ('course-025-科技创新与挑战2a', '科技创新与挑战2A', '', '', '课程概要', array[]::text[], '');
insert into courses (id, name, category, audience, program, aliases, summary) values ('course-026-科技创新与挑战2b', '科技创新与挑战2B', '', '', '课程概要', array[]::text[], '');
insert into courses (id, name, category, audience, program, aliases, summary) values ('course-027-科技创新与挑战2c', '科技创新与挑战2C', '', '', '课程概要', array[]::text[], '');
insert into courses (id, name, category, audience, program, aliases, summary) values ('course-028-科技创新与挑战2d', '科技创新与挑战2D', '', '', '课程概要', array[]::text[], '');
insert into teachers (id, name, department, note) values ('teacher-001-缪海兴', '缪海兴', '', '');
insert into teachers (id, name, department, note) values ('teacher-002-彭卿', '彭卿', '', '');
insert into teachers (id, name, department, note) values ('teacher-003-魏永革', '魏永革', '', '');
insert into teachers (id, name, department, note) values ('teacher-004-严清峰', '严清峰', '', '');
insert into teachers (id, name, department, note) values ('teacher-005-寇会忠', '寇会忠', '', '');
insert into teachers (id, name, department, note) values ('teacher-006-段昊泓', '段昊泓', '', '');
insert into teachers (id, name, department, note) values ('teacher-007-林朝阳', '林朝阳', '', '');
insert into teachers (id, name, department, note) values ('teacher-008-庄京-（合教教师庄京尉京志牛丽红杨锦等）', '庄京
（合教教师：庄京、尉京志、牛丽红、杨锦等）', '', '');
insert into teachers (id, name, department, note) values ('teacher-009-马潇潇', '马潇潇', '', '');
insert into teachers (id, name, department, note) values ('teacher-010-谈宜东', '谈宜东', '', '');
insert into teachers (id, name, department, note) values ('teacher-011-腾轶超', '腾轶超', '', '');
insert into teachers (id, name, department, note) values ('teacher-012-刘效森', '刘效森', '', '');
insert into teachers (id, name, department, note) values ('teacher-013-王代月', '王代月', '', '');
insert into teachers (id, name, department, note) values ('teacher-014-龙治铭', '龙治铭', '', '');
insert into teachers (id, name, department, note) values ('teacher-015-李成旺', '李成旺', '', '');
insert into teachers (id, name, department, note) values ('teacher-016-刘恩至', '刘恩至', '', '');
insert into teachers (id, name, department, note) values ('teacher-017-艾四林', '艾四林', '', '');
insert into teachers (id, name, department, note) values ('teacher-018-匡晓璐', '匡晓璐', '', '');
insert into teachers (id, name, department, note) values ('teacher-019-王贵贤', '王贵贤', '', '');
insert into teachers (id, name, department, note) values ('teacher-020-梁恒', '梁恒', '', '');
insert into teachers (id, name, department, note) values ('teacher-021-唐宏岩', '唐宏岩', '', '');
insert into teachers (id, name, department, note) values ('teacher-022-叶俊', '叶俊', '', '');
insert into teachers (id, name, department, note) values ('teacher-023-姜汉钧', '姜汉钧', '', '');
insert into teachers (id, name, department, note) values ('teacher-024-王鹏', '王鹏', '', '');
insert into teachers (id, name, department, note) values ('teacher-025-冯焱颖', '冯焱颖', '', '');
insert into teachers (id, name, department, note) values ('teacher-026-陈志勇', '陈志勇', '', '');
insert into teachers (id, name, department, note) values ('teacher-027-朱钧', '朱钧', '', '');
insert into teachers (id, name, department, note) values ('teacher-028-尉昊赟', '尉昊赟', '', '');
insert into teachers (id, name, department, note) values ('teacher-029-王轲', '王轲', '', '');
insert into teachers (id, name, department, note) values ('teacher-030-陈祥', '陈祥', '', '');
insert into teachers (id, name, department, note) values ('teacher-031-谷林', '谷林', '', '');
insert into teachers (id, name, department, note) values ('teacher-032-唐建石', '唐建石', '', '');
insert into teachers (id, name, department, note) values ('teacher-033-邓伟', '邓伟', '', '');
insert into teachers (id, name, department, note) values ('teacher-034-杨帆', '杨帆', '', '');
insert into teachers (id, name, department, note) values ('teacher-035-李国林', '李国林', '', '');
insert into teachers (id, name, department, note) values ('teacher-036-章纪民', '章纪民', '', '');
insert into teachers (id, name, department, note) values ('teacher-037-崔建莲', '崔建莲', '', '');
insert into teachers (id, name, department, note) values ('teacher-038-晏平', '晏平', '', '');
insert into teachers (id, name, department, note) values ('teacher-039-林润亮', '林润亮', '', '');
insert into teachers (id, name, department, note) values ('teacher-040-杨利军', '杨利军', '', '');
insert into teachers (id, name, department, note) values ('teacher-041-李静爽', '李静爽', '', '');
insert into teachers (id, name, department, note) values ('teacher-042-杨晶', '杨晶', '', '');
insert into teachers (id, name, department, note) values ('teacher-043-徐帆', '徐帆', '', '');
insert into teachers (id, name, department, note) values ('teacher-044-郭晓玲', '郭晓玲', '', '');
insert into teachers (id, name, department, note) values ('teacher-045-谌卫军', '谌卫军', '', '');
insert into teachers (id, name, department, note) values ('teacher-046-黄维通', '黄维通', '', '');
insert into teachers (id, name, department, note) values ('teacher-047-陈豪', '陈豪', '', '');
insert into teachers (id, name, department, note) values ('teacher-048-朱垚颖', '朱垚颖', '', '');
insert into teachers (id, name, department, note) values ('teacher-049-张沕琳', '张沕琳', '', '');
insert into teachers (id, name, department, note) values ('teacher-050-路延', '路延', '', '');
insert into teachers (id, name, department, note) values ('teacher-051-王山鹰', '王山鹰', '', '');
insert into teachers (id, name, department, note) values ('teacher-052-蒋硕', '蒋硕', '', '');
insert into teachers (id, name, department, note) values ('teacher-053-chen-shaomin', 'CHEN SHAOMIN', '', '');
insert into teachers (id, name, department, note) values ('teacher-054-曾飞', '曾飞', '', '');
insert into teachers (id, name, department, note) values ('teacher-055-赵凌云', '赵凌云', '', '');
insert into teachers (id, name, department, note) values ('teacher-056-赵明', '赵明', '', '');
insert into teachers (id, name, department, note) values ('teacher-057-伍晖', '伍晖', '', '');
insert into teachers (id, name, department, note) values ('teacher-058-刘光华', '刘光华', '', '');
insert into teachers (id, name, department, note) values ('teacher-059-林涛', '林涛', '', '');
insert into teachers (id, name, department, note) values ('teacher-060-魏琦', '魏琦', '', '');
insert into teachers (id, name, department, note) values ('teacher-061-袁夏明', '袁夏明', '', '');
insert into teachers (id, name, department, note) values ('teacher-062-张海涛', '张海涛', '', '');
insert into teachers (id, name, department, note) values ('teacher-063-曹良才', '曹良才', '', '');
insert into teachers (id, name, department, note) values ('teacher-064-李黄龙', '李黄龙', '', '');
insert into teachers (id, name, department, note) values ('teacher-065-杨原牧', '杨原牧', '', '');
insert into teachers (id, name, department, note) values ('teacher-066-邢飞', '邢飞', '', '');
insert into teachers (id, name, department, note) values ('teacher-067-任大海', '任大海', '', '');
insert into teachers (id, name, department, note) values ('teacher-068-刘冉', '刘冉', '', '');
insert into teachers (id, name, department, note) values ('teacher-069-戴小川', '戴小川', '', '');
insert into teachers (id, name, department, note) values ('teacher-070-南天翔', '南天翔', '', '');
insert into teachers (id, name, department, note) values ('teacher-071-揭路', '揭路', '', '');
insert into teachers (id, name, department, note) values ('teacher-072-潘思宁', '潘思宁', '', '');
insert into teachers (id, name, department, note) values ('teacher-073-张春', '张春', '', '');
insert into course_offerings (id, course_id, teacher_id, term, status) values ('offering-001', 'course-001-基础物理学（3）', 'teacher-001-缪海兴', '待补充', 'published');
insert into course_offerings (id, course_id, teacher_id, term, status) values ('offering-002', 'course-002-化学原理', 'teacher-002-彭卿', '待补充', 'published');
insert into course_offerings (id, course_id, teacher_id, term, status) values ('offering-003', 'course-002-化学原理', 'teacher-003-魏永革', '待补充', 'published');
insert into course_offerings (id, course_id, teacher_id, term, status) values ('offering-004', 'course-002-化学原理', 'teacher-004-严清峰', '待补充', 'published');
insert into course_offerings (id, course_id, teacher_id, term, status) values ('offering-005', 'course-002-化学原理', 'teacher-005-寇会忠', '待补充', 'published');
insert into course_offerings (id, course_id, teacher_id, term, status) values ('offering-006', 'course-002-化学原理', 'teacher-006-段昊泓', '待补充', 'published');
insert into course_offerings (id, course_id, teacher_id, term, status) values ('offering-007', 'course-002-化学原理', 'teacher-007-林朝阳', '待补充', 'published');
insert into course_offerings (id, course_id, teacher_id, term, status) values ('offering-008', 'course-003-无机及分析化学实验b', 'teacher-008-庄京-（合教教师庄京尉京志牛丽红杨锦等）', '待补充', 'published');
insert into course_offerings (id, course_id, teacher_id, term, status) values ('offering-009', 'course-004-综合化学实验', 'teacher-009-马潇潇', '待补充', 'published');
insert into course_offerings (id, course_id, teacher_id, term, status) values ('offering-010', 'course-005-工科领导力', 'teacher-010-谈宜东', '待补充', 'published');
insert into course_offerings (id, course_id, teacher_id, term, status) values ('offering-011', 'course-005-工科领导力', 'teacher-009-马潇潇', '待补充', 'published');
insert into course_offerings (id, course_id, teacher_id, term, status) values ('offering-012', 'course-005-工科领导力', 'teacher-011-腾轶超', '待补充', 'published');
insert into course_offerings (id, course_id, teacher_id, term, status) values ('offering-013', 'course-005-工科领导力', 'teacher-012-刘效森', '待补充', 'published');
insert into course_offerings (id, course_id, teacher_id, term, status) values ('offering-014', 'course-006-马克思主义基本原理', 'teacher-013-王代月', '待补充', 'published');
insert into course_offerings (id, course_id, teacher_id, term, status) values ('offering-015', 'course-006-马克思主义基本原理', 'teacher-014-龙治铭', '待补充', 'published');
insert into course_offerings (id, course_id, teacher_id, term, status) values ('offering-016', 'course-006-马克思主义基本原理', 'teacher-015-李成旺', '待补充', 'published');
insert into course_offerings (id, course_id, teacher_id, term, status) values ('offering-017', 'course-006-马克思主义基本原理', 'teacher-016-刘恩至', '待补充', 'published');
insert into course_offerings (id, course_id, teacher_id, term, status) values ('offering-018', 'course-006-马克思主义基本原理', 'teacher-017-艾四林', '待补充', 'published');
insert into course_offerings (id, course_id, teacher_id, term, status) values ('offering-019', 'course-006-马克思主义基本原理', 'teacher-018-匡晓璐', '待补充', 'published');
insert into course_offerings (id, course_id, teacher_id, term, status) values ('offering-020', 'course-006-马克思主义基本原理', 'teacher-019-王贵贤', '待补充', 'published');
insert into course_offerings (id, course_id, teacher_id, term, status) values ('offering-021', 'course-007-概率论与数理统计', 'teacher-020-梁恒', '待补充', 'published');
insert into course_offerings (id, course_id, teacher_id, term, status) values ('offering-022', 'course-007-概率论与数理统计', 'teacher-021-唐宏岩', '待补充', 'published');
insert into course_offerings (id, course_id, teacher_id, term, status) values ('offering-023', 'course-008-概率论与随机过程', 'teacher-022-叶俊', '待补充', 'published');
insert into course_offerings (id, course_id, teacher_id, term, status) values ('offering-024', 'course-009-随机数学与统计', 'teacher-022-叶俊', '待补充', 'published');
insert into course_offerings (id, course_id, teacher_id, term, status) values ('offering-025', 'course-010-信号与系统', 'teacher-023-姜汉钧', '待补充', 'published');
insert into course_offerings (id, course_id, teacher_id, term, status) values ('offering-026', 'course-011-测试与检测技术基础', 'teacher-024-王鹏', '待补充', 'published');
insert into course_offerings (id, course_id, teacher_id, term, status) values ('offering-027', 'course-011-测试与检测技术基础', 'teacher-025-冯焱颖', '待补充', 'published');
insert into course_offerings (id, course_id, teacher_id, term, status) values ('offering-028', 'course-012-控制工程基础', 'teacher-026-陈志勇', '待补充', 'published');
insert into course_offerings (id, course_id, teacher_id, term, status) values ('offering-029', 'course-013-光学工程基础（1）', 'teacher-027-朱钧', '待补充', 'published');
insert into course_offerings (id, course_id, teacher_id, term, status) values ('offering-030', 'course-013-光学工程基础（1）', 'teacher-028-尉昊赟', '待补充', 'published');
insert into course_offerings (id, course_id, teacher_id, term, status) values ('offering-031', 'course-014-材料力学性能基础', 'teacher-029-王轲', '待补充', 'published');
insert into course_offerings (id, course_id, teacher_id, term, status) values ('offering-032', 'course-015-材料制备科学与工程', 'teacher-030-陈祥', '待补充', 'published');
insert into course_offerings (id, course_id, teacher_id, term, status) values ('offering-033', 'course-016-材料分析与表征', 'teacher-031-谷林', '待补充', 'published');
insert into course_offerings (id, course_id, teacher_id, term, status) values ('offering-034', 'course-017-集成电路制造技术', 'teacher-032-唐建石', '待补充', 'published');
insert into course_offerings (id, course_id, teacher_id, term, status) values ('offering-035', 'course-018-电子电路与系统基础（1）', 'teacher-033-邓伟', '待补充', 'published');
insert into course_offerings (id, course_id, teacher_id, term, status) values ('offering-036', 'course-018-电子电路与系统基础（1）', 'teacher-034-杨帆', '待补充', 'published');
insert into course_offerings (id, course_id, teacher_id, term, status) values ('offering-037', 'course-018-电子电路与系统基础（1）', 'teacher-035-李国林', '待补充', 'published');
insert into course_offerings (id, course_id, teacher_id, term, status) values ('offering-038', 'course-019-微积分a', 'teacher-036-章纪民', '待补充', 'published');
insert into course_offerings (id, course_id, teacher_id, term, status) values ('offering-039', 'course-019-微积分a', 'teacher-037-崔建莲', '待补充', 'published');
insert into course_offerings (id, course_id, teacher_id, term, status) values ('offering-040', 'course-019-微积分a', 'teacher-038-晏平', '待补充', 'published');
insert into course_offerings (id, course_id, teacher_id, term, status) values ('offering-041', 'course-019-微积分a', 'teacher-039-林润亮', '待补充', 'published');
insert into course_offerings (id, course_id, teacher_id, term, status) values ('offering-042', 'course-019-微积分a', 'teacher-040-杨利军', '待补充', 'published');
insert into course_offerings (id, course_id, teacher_id, term, status) values ('offering-043', 'course-019-微积分a', 'teacher-041-李静爽', '待补充', 'published');
insert into course_offerings (id, course_id, teacher_id, term, status) values ('offering-044', 'course-020-线性代数', 'teacher-042-杨晶', '待补充', 'published');
insert into course_offerings (id, course_id, teacher_id, term, status) values ('offering-045', 'course-020-线性代数', 'teacher-043-徐帆', '待补充', 'published');
insert into course_offerings (id, course_id, teacher_id, term, status) values ('offering-046', 'course-020-线性代数', 'teacher-044-郭晓玲', '待补充', 'published');
insert into course_offerings (id, course_id, teacher_id, term, status) values ('offering-047', 'course-021-计算机程序设计基础', 'teacher-045-谌卫军', '待补充', 'published');
insert into course_offerings (id, course_id, teacher_id, term, status) values ('offering-048', 'course-021-计算机程序设计基础', 'teacher-046-黄维通', '待补充', 'published');
insert into course_offerings (id, course_id, teacher_id, term, status) values ('offering-049', 'course-022-写作与沟通', 'teacher-047-陈豪', '待补充', 'published');
insert into course_offerings (id, course_id, teacher_id, term, status) values ('offering-050', 'course-022-写作与沟通', 'teacher-048-朱垚颖', '待补充', 'published');
insert into course_offerings (id, course_id, teacher_id, term, status) values ('offering-051', 'course-023-电子电路与系统基础（四学分）', 'teacher-049-张沕琳', '待补充', 'published');
insert into course_offerings (id, course_id, teacher_id, term, status) values ('offering-052', 'course-023-电子电路与系统基础（四学分）', 'teacher-050-路延', '待补充', 'published');
insert into course_offerings (id, course_id, teacher_id, term, status) values ('offering-053', 'course-024-基础物理学(1)', 'teacher-051-王山鹰', '待补充', 'published');
insert into course_offerings (id, course_id, teacher_id, term, status) values ('offering-054', 'course-024-基础物理学(1)', 'teacher-052-蒋硕', '待补充', 'published');
insert into course_offerings (id, course_id, teacher_id, term, status) values ('offering-055', 'course-024-基础物理学(1)', 'teacher-053-chen-shaomin', '待补充', 'published');
insert into course_offerings (id, course_id, teacher_id, term, status) values ('offering-056', 'course-025-科技创新与挑战2a', 'teacher-030-陈祥', '待补充', 'published');
insert into course_offerings (id, course_id, teacher_id, term, status) values ('offering-057', 'course-025-科技创新与挑战2a', 'teacher-054-曾飞', '待补充', 'published');
insert into course_offerings (id, course_id, teacher_id, term, status) values ('offering-058', 'course-025-科技创新与挑战2a', 'teacher-055-赵凌云', '待补充', 'published');
insert into course_offerings (id, course_id, teacher_id, term, status) values ('offering-059', 'course-025-科技创新与挑战2a', 'teacher-056-赵明', '待补充', 'published');
insert into course_offerings (id, course_id, teacher_id, term, status) values ('offering-060', 'course-025-科技创新与挑战2a', 'teacher-057-伍晖', '待补充', 'published');
insert into course_offerings (id, course_id, teacher_id, term, status) values ('offering-061', 'course-025-科技创新与挑战2a', 'teacher-058-刘光华', '待补充', 'published');
insert into course_offerings (id, course_id, teacher_id, term, status) values ('offering-062', 'course-025-科技创新与挑战2a', 'teacher-059-林涛', '待补充', 'published');
insert into course_offerings (id, course_id, teacher_id, term, status) values ('offering-063', 'course-026-科技创新与挑战2b', 'teacher-060-魏琦', '待补充', 'published');
insert into course_offerings (id, course_id, teacher_id, term, status) values ('offering-064', 'course-026-科技创新与挑战2b', 'teacher-025-冯焱颖', '待补充', 'published');
insert into course_offerings (id, course_id, teacher_id, term, status) values ('offering-065', 'course-026-科技创新与挑战2b', 'teacher-061-袁夏明', '待补充', 'published');
insert into course_offerings (id, course_id, teacher_id, term, status) values ('offering-066', 'course-026-科技创新与挑战2b', 'teacher-062-张海涛', '待补充', 'published');
insert into course_offerings (id, course_id, teacher_id, term, status) values ('offering-067', 'course-026-科技创新与挑战2b', 'teacher-028-尉昊赟', '待补充', 'published');
insert into course_offerings (id, course_id, teacher_id, term, status) values ('offering-068', 'course-026-科技创新与挑战2b', 'teacher-063-曹良才', '待补充', 'published');
insert into course_offerings (id, course_id, teacher_id, term, status) values ('offering-069', 'course-026-科技创新与挑战2b', 'teacher-064-李黄龙', '待补充', 'published');
insert into course_offerings (id, course_id, teacher_id, term, status) values ('offering-070', 'course-026-科技创新与挑战2b', 'teacher-065-杨原牧', '待补充', 'published');
insert into course_offerings (id, course_id, teacher_id, term, status) values ('offering-071', 'course-026-科技创新与挑战2b', 'teacher-066-邢飞', '待补充', 'published');
insert into course_offerings (id, course_id, teacher_id, term, status) values ('offering-072', 'course-026-科技创新与挑战2b', 'teacher-009-马潇潇', '待补充', 'published');
insert into course_offerings (id, course_id, teacher_id, term, status) values ('offering-073', 'course-026-科技创新与挑战2b', 'teacher-067-任大海', '待补充', 'published');
insert into course_offerings (id, course_id, teacher_id, term, status) values ('offering-074', 'course-027-科技创新与挑战2c', 'teacher-011-腾轶超', '待补充', 'published');
insert into course_offerings (id, course_id, teacher_id, term, status) values ('offering-075', 'course-027-科技创新与挑战2c', 'teacher-068-刘冉', '待补充', 'published');
insert into course_offerings (id, course_id, teacher_id, term, status) values ('offering-076', 'course-027-科技创新与挑战2c', 'teacher-069-戴小川', '待补充', 'published');
insert into course_offerings (id, course_id, teacher_id, term, status) values ('offering-077', 'course-028-科技创新与挑战2d', 'teacher-070-南天翔', '待补充', 'published');
insert into course_offerings (id, course_id, teacher_id, term, status) values ('offering-078', 'course-028-科技创新与挑战2d', 'teacher-071-揭路', '待补充', 'published');
insert into course_offerings (id, course_id, teacher_id, term, status) values ('offering-079', 'course-028-科技创新与挑战2d', 'teacher-072-潘思宁', '待补充', 'published');
insert into course_offerings (id, course_id, teacher_id, term, status) values ('offering-080', 'course-028-科技创新与挑战2d', 'teacher-073-张春', '待补充', 'published');
insert into reviews (id, offering_id, term, workload, grading, assessment, rating, content, tags, contact, status, created_at) values ('review-0001', 'offering-001', '', '不确定', '不确定', '不确定', '4', '讲的内容偏难但考试还好，上课是板书，有教学实验', array[]::text[], '', 'published', '2026-05-22');
insert into reviews (id, offering_id, term, workload, grading, assessment, rating, content, tags, contact, status, created_at) values ('review-0002', 'offering-001', '', '不确定', '不确定', '不确定', '4', '讲得很“基础”，如果对物理感兴趣可以无脑入，相信你一定会有很大收获', array[]::text[], '', 'published', '2026-05-22');
insert into reviews (id, offering_id, term, workload, grading, assessment, rating, content, tags, contact, status, created_at) values ('review-0003', 'offering-002', '', '不确定', '不确定', '不确定', '4', '中规中矩', array[]::text[], '', 'published', '2026-05-22');
insert into reviews (id, offering_id, term, workload, grading, assessment, rating, content, tags, contact, status, created_at) values ('review-0004', 'offering-003', '', '不确定', '不确定', '不确定', '4', '期中有附加题，可以超过100分', array[]::text[], '', 'published', '2026-05-22');
insert into reviews (id, offering_id, term, workload, grading, assessment, rating, content, tags, contact, status, created_at) values ('review-0005', 'offering-003', '', '不确定', '不确定', '不确定', '4', '来自上个世纪的PPT，蓝底黑字讲谜语并且给分差', array[]::text[], '', 'published', '2026-05-22');
insert into reviews (id, offering_id, term, workload, grading, assessment, rating, content, tags, contact, status, created_at) values ('review-0006', 'offering-004', '', '不确定', '不确定', '不确定', '4', '老师人很好，讲的非常清晰，就是有时候可能会有小提问，不过并不难', array[]::text[], '', 'published', '2026-05-22');
insert into reviews (id, offering_id, term, workload, grading, assessment, rating, content, tags, contact, status, created_at) values ('review-0007', 'offering-004', '', '不确定', '不确定', '不确定', '4', '老师上课挺好的，有疑问可以及时找老师，认真听就不会差的', array[]::text[], '', 'published', '2026-05-22');
insert into reviews (id, offering_id, term, workload, grading, assessment, rating, content, tags, contact, status, created_at) values ('review-0008', 'offering-004', '', '不确定', '不确定', '不确定', '4', '强力推荐，有化学竞赛经历（省奖也算）的期中考试上90就可以用小论文替代期末考试，认真写小论文就会给A+', array[]::text[], '', 'published', '2026-05-22');
insert into reviews (id, offering_id, term, workload, grading, assessment, rating, content, tags, contact, status, created_at) values ('review-0009', 'offering-004', '', '不确定', '不确定', '不确定', '4', '老师基本是当大一新生教的，类似高中授课模式，很好适应', array[]::text[], '', 'published', '2026-05-22');
insert into reviews (id, offering_id, term, workload, grading, assessment, rating, content, tags, contact, status, created_at) values ('review-0010', 'offering-005', '', '不确定', '不确定', '不确定', '4', '和蔼可亲，作业不多，ppt质量极高，给分也很好，老师亲口说总评到接近90就给4.0', array[]::text[], '', 'published', '2026-05-22');
insert into reviews (id, offering_id, term, workload, grading, assessment, rating, content, tags, contact, status, created_at) values ('review-0011', 'offering-006', '', '不确定', '不确定', '不确定', '4', 'PPT质量极高，讲课还行', array[]::text[], '', 'published', '2026-05-22');
insert into reviews (id, offering_id, term, workload, grading, assessment, rating, content, tags, contact, status, created_at) values ('review-0012', 'offering-006', '', '不确定', '不确定', '不确定', '4', '考核方式包含20%的期中和10%小论文，可以参考', array[]::text[], '', 'published', '2026-05-22');
insert into reviews (id, offering_id, term, workload, grading, assessment, rating, content, tags, contact, status, created_at) values ('review-0013', 'offering-007', '', '不确定', '不确定', '不确定', '4', '人帅且好。会关心学生。', array[]::text[], '', 'published', '2026-05-22');
insert into reviews (id, offering_id, term, workload, grading, assessment, rating, content, tags, contact, status, created_at) values ('review-0014', 'offering-007', '', '不确定', '不确定', '不确定', '4', 'nb', array[]::text[], '', 'published', '2026-05-22');
insert into reviews (id, offering_id, term, workload, grading, assessment, rating, content, tags, contact, status, created_at) values ('review-0015', 'offering-007', '', '不确定', '不确定', '不确定', '4', '神中神 值得第一志愿', array[]::text[], '', 'published', '2026-05-22');
insert into reviews (id, offering_id, term, workload, grading, assessment, rating, content, tags, contact, status, created_at) values ('review-0016', 'offering-007', '', '不确定', '不确定', '不确定', '4', '科研厉害', array[]::text[], '', 'published', '2026-05-22');
insert into reviews (id, offering_id, term, workload, grading, assessment, rating, content, tags, contact, status, created_at) values ('review-0017', 'offering-008', '', '不确定', '不确定', '不确定', '4', '牛老师人非常好，很温柔，给分也好（考试实验基本上全错还给了我3.6非常好）；尉京志老师也特别好，和蔼可亲的老爷爷，非常宽容', array[]::text[], '', 'published', '2026-05-22');
insert into reviews (id, offering_id, term, workload, grading, assessment, rating, content, tags, contact, status, created_at) values ('review-0018', 'offering-008', '', '不确定', '不确定', '不确定', '4', '杨锦老师说话很幽默，给分很好~', array[]::text[], '', 'published', '2026-05-22');
insert into reviews (id, offering_id, term, workload, grading, assessment, rating, content, tags, contact, status, created_at) values ('review-0019', 'offering-008', '', '不确定', '不确定', '不确定', '4', '给分都很差', array[]::text[], '', 'published', '2026-05-22');
insert into reviews (id, offering_id, term, workload, grading, assessment, rating, content, tags, contact, status, created_at) values ('review-0020', 'offering-008', '', '不确定', '不确定', '不确定', '4', '庄老师是那种传统的，对学生严格且凶的那种老师，但是这门课庄老师不是直接上课指导，所以也不用担心', array[]::text[], '', 'published', '2026-05-22');
insert into reviews (id, offering_id, term, workload, grading, assessment, rating, content, tags, contact, status, created_at) values ('review-0021', 'offering-008', '', '不确定', '不确定', '不确定', '4', '统一给分的，选哪个老师没区别，都很差', array[]::text[], '', 'published', '2026-05-22');
insert into reviews (id, offering_id, term, workload, grading, assessment, rating, content, tags, contact, status, created_at) values ('review-0022', 'offering-008', '', '不确定', '不确定', '不确定', '4', '据说庄老师只25秋有带为先', array[]::text[], '', 'published', '2026-05-22');
insert into reviews (id, offering_id, term, workload, grading, assessment, rating, content, tags, contact, status, created_at) values ('review-0023', 'offering-009', '', '不确定', '不确定', '不确定', '4', '完成7个实验和实验报告即可，前提是选上（）', array[]::text[], '', 'published', '2026-05-22');
insert into reviews (id, offering_id, term, workload, grading, assessment, rating, content, tags, contact, status, created_at) values ('review-0024', 'offering-009', '', '不确定', '不确定', '不确定', '4', '选不上这个再考虑无机与分析', array[]::text[], '', 'published', '2026-05-22');
insert into reviews (id, offering_id, term, workload, grading, assessment, rating, content, tags, contact, status, created_at) values ('review-0025', 'offering-010', '', '不确定', '不确定', '不确定', '4', '中规中矩', array[]::text[], '', 'published', '2026-05-22');
insert into reviews (id, offering_id, term, workload, grading, assessment, rating, content, tags, contact, status, created_at) values ('review-0026', 'offering-010', '', '不确定', '不确定', '不确定', '4', '上课喜欢分享个人经历，对同学上课的专注度非常非常非常重视，给分一般', array[]::text[], '', 'published', '2026-05-22');
insert into reviews (id, offering_id, term, workload, grading, assessment, rating, content, tags, contact, status, created_at) values ('review-0027', 'offering-010', '', '不确定', '不确定', '不确定', '4', '谈老师挺务实的，认真参与即可得好的分数', array[]::text[], '', 'published', '2026-05-22');
insert into reviews (id, offering_id, term, workload, grading, assessment, rating, content, tags, contact, status, created_at) values ('review-0028', 'offering-011', '', '不确定', '不确定', '不确定', '4', '基本不管，事少，可以不发言，不面谈，给分好', array[]::text[], '', 'published', '2026-05-22');
insert into reviews (id, offering_id, term, workload, grading, assessment, rating, content, tags, contact, status, created_at) values ('review-0029', 'offering-011', '', '不确定', '不确定', '不确定', '4', '课程体验很好，老师可以在0人搭理他的情况下一直讲，就算大家都在玩手机也不会表现出很在意，感觉很是难能可贵了', array[]::text[], '', 'published', '2026-05-22');
insert into reviews (id, offering_id, term, workload, grading, assessment, rating, content, tags, contact, status, created_at) values ('review-0030', 'offering-011', '', '不确定', '不确定', '不确定', '4', '上课氛围好给分好', array[]::text[], '', 'published', '2026-05-22');
insert into reviews (id, offering_id, term, workload, grading, assessment, rating, content, tags, contact, status, created_at) values ('review-0031', 'offering-012', '', '不确定', '不确定', '不确定', '4', '挺和蔼也挺耐心的', array[]::text[], '', 'published', '2026-05-22');
insert into reviews (id, offering_id, term, workload, grading, assessment, rating, content, tags, contact, status, created_at) values ('review-0032', 'offering-012', '', '不确定', '不确定', '不确定', '4', '给分惊讶', array[]::text[], '', 'published', '2026-05-22');
insert into reviews (id, offering_id, term, workload, grading, assessment, rating, content, tags, contact, status, created_at) values ('review-0033', 'offering-013', '', '不确定', '不确定', '不确定', '4', '上课库库发言就可以拿A甚至A+，大小作业和cop占比约为0', array[]::text[], '', 'published', '2026-05-22');
insert into reviews (id, offering_id, term, workload, grading, assessment, rating, content, tags, contact, status, created_at) values ('review-0034', 'offering-014', '', '不确定', '不确定', '不确定', '4', '25年秋季学期上课的时候，考勤占30％，期末考试70％，感觉挺友好的，考勤采取线下随机签到，签到方式是写一段300字左右的小论文（老师会给出问题，不难，可以借助AI和课件），期末考试开卷，不难。总体来讲几乎不会占用课外时间，不知道下学期会不会有变化。', array[]::text[], '', 'published', '2026-05-22');
insert into reviews (id, offering_id, term, workload, grading, assessment, rating, content, tags, contact, status, created_at) values ('review-0035', 'offering-015', '', '不确定', '不确定', '不确定', '4', '没有小组作业和pre，如果想学真东西一定要选。龙老师伟大无需多言。就是很难抢到。', array[]::text[], '', 'published', '2026-05-22');
insert into reviews (id, offering_id, term, workload, grading, assessment, rating, content, tags, contact, status, created_at) values ('review-0036', 'offering-016', '', '不确定', '不确定', '不确定', '4', '哲学主题，约前半部分讲西方哲学后半部分马克思主义，能学到真东西  考核为15人小组pre+期末1200字+开卷论文考试，个人感觉以期末考试为主，给分较好', array[]::text[], '', 'published', '2026-05-22');
insert into reviews (id, offering_id, term, workload, grading, assessment, rating, content, tags, contact, status, created_at) values ('review-0037', 'offering-016', '', '不确定', '不确定', '不确定', '4', '中规中矩', array[]::text[], '', 'published', '2026-05-22');
insert into reviews (id, offering_id, term, workload, grading, assessment, rating, content, tags, contact, status, created_at) values ('review-0038', 'offering-017', '', '不确定', '不确定', '不确定', '4', '神！！！不学后悔一辈子！！！', array[]::text[], '', 'published', '2026-05-22');
insert into reviews (id, offering_id, term, workload, grading, assessment, rating, content, tags, contact, status, created_at) values ('review-0039', 'offering-017', '', '不确定', '不确定', '不确定', '4', '神！！！给分只有期中一篇自由发挥的文章和期末几道上课反复强调过的大题（注意上课记笔记），平时上课也不签到，就这么一节看起来很容易让大家摆掉的课，硬是靠老师过硬的讲课水平与理论水平变得叫好又叫座', array[]::text[], '', 'published', '2026-05-22');
insert into reviews (id, offering_id, term, workload, grading, assessment, rating, content, tags, contact, status, created_at) values ('review-0040', 'offering-017', '', '不确定', '不确定', '不确定', '4', '神！！！从欧洲回来的马克思主义理论学者，含金量懂得都懂！', array[]::text[], '', 'published', '2026-05-22');
insert into reviews (id, offering_id, term, workload, grading, assessment, rating, content, tags, contact, status, created_at) values ('review-0041', 'offering-018', '', '不确定', '不确定', '不确定', '4', '讲课有点无聊，没咋听，有一个可以选择参加的pre，考试是电子开卷（可以上网可以带电子产品），上课会统计回答问题次数，给分还可以（参加pre+回答过一次问题就可以A）', array[]::text[], '', 'published', '2026-05-22');
insert into reviews (id, offering_id, term, workload, grading, assessment, rating, content, tags, contact, status, created_at) values ('review-0042', 'offering-019', '', '不确定', '不确定', '不确定', '4', '任务量小', array[]::text[], '', 'published', '2026-05-22');
insert into reviews (id, offering_id, term, workload, grading, assessment, rating, content, tags, contact, status, created_at) values ('review-0043', 'offering-020', '', '不确定', '不确定', '不确定', '4', '讲课很好，好几次想摸鱼但都被老师的授课吸引了', array[]::text[], '', 'published', '2026-05-22');
insert into reviews (id, offering_id, term, workload, grading, assessment, rating, content, tags, contact, status, created_at) values ('review-0044', 'offering-020', '', '不确定', '不确定', '不确定', '4', '其实我感觉王老师讲课比较一般，基本没太听过（', array[]::text[], '', 'published', '2026-05-22');
insert into reviews (id, offering_id, term, workload, grading, assessment, rating, content, tags, contact, status, created_at) values ('review-0045', 'offering-020', '', '不确定', '不确定', '不确定', '4', '王老师讲的挺好，给分也不错，要有自己的见解', array[]::text[], '', 'published', '2026-05-22');
insert into reviews (id, offering_id, term, workload, grading, assessment, rating, content, tags, contact, status, created_at) values ('review-0046', 'offering-020', '', '不确定', '不确定', '不确定', '4', '老师讲得很好，考核方式是班级投票决定开卷考试or大论文', array[]::text[], '', 'published', '2026-05-22');
insert into reviews (id, offering_id, term, workload, grading, assessment, rating, content, tags, contact, status, created_at) values ('review-0047', 'offering-020', '', '不确定', '不确定', '不确定', '4', '听别人说很好，听下来体感不太行', array[]::text[], '', 'published', '2026-05-22');
insert into reviews (id, offering_id, term, workload, grading, assessment, rating, content, tags, contact, status, created_at) values ('review-0048', 'offering-021', '', '不确定', '不确定', '不确定', '4', '考试内容固定范围，好拿高分', array[]::text[], '', 'published', '2026-05-22');
insert into reviews (id, offering_id, term, workload, grading, assessment, rating, content, tags, contact, status, created_at) values ('review-0049', 'offering-022', '', '不确定', '不确定', '不确定', '4', '老师对概统这门学科有很独到的见解思考，适合想要学东西的同学。作业量很大，但是可以选做一半题目即可得满作业分数。可能考期中（是的，随机，某些学期考某些学期不考），期末一半题目自主命题，凡是唐老师自己出的题目难度都比较大', array[]::text[], '', 'published', '2026-05-22');
insert into reviews (id, offering_id, term, workload, grading, assessment, rating, content, tags, contact, status, created_at) values ('review-0050', 'offering-022', '', '不确定', '不确定', '不确定', '4', '难', array[]::text[], '', 'published', '2026-05-22');
insert into reviews (id, offering_id, term, workload, grading, assessment, rating, content, tags, contact, status, created_at) values ('review-0051', 'offering-023', '', '不确定', '不确定', '不确定', '4', '纯板书授课，课讲的很好，适合想学到东西的同学', array[]::text[], '', 'published', '2026-05-22');
insert into reviews (id, offering_id, term, workload, grading, assessment, rating, content, tags, contact, status, created_at) values ('review-0052', 'offering-023', '', '不确定', '不确定', '不确定', '4', '适合对数学有深厚兴趣和较高天赋的同学选课，大佬太多，比较难拿高分，但是确实能学到很多', array[]::text[], '', 'published', '2026-05-22');
insert into reviews (id, offering_id, term, workload, grading, assessment, rating, content, tags, contact, status, created_at) values ('review-0053', 'offering-023', '', '不确定', '不确定', '不确定', '4', '无ppt考勤仅期末考 适合好好学的同学选 好好学包4.0', array[]::text[], '', 'published', '2026-05-22');
insert into reviews (id, offering_id, term, workload, grading, assessment, rating, content, tags, contact, status, created_at) values ('review-0054', 'offering-024', '', '不确定', '不确定', '不确定', '4', '平常不点名，但是上课只有板书，学的东西比较多，考试难度正常，老师優し', array[]::text[], '', 'published', '2026-05-22');
insert into reviews (id, offering_id, term, workload, grading, assessment, rating, content, tags, contact, status, created_at) values ('review-0055', 'offering-025', '', '不确定', '不确定', '不确定', '4', '姜老师上完这个课以后荣升副院长可见实力超群', array[]::text[], '', 'published', '2026-05-22');
insert into reviews (id, offering_id, term, workload, grading, assessment, rating, content, tags, contact, status, created_at) values ('review-0056', 'offering-025', '', '不确定', '不确定', '不确定', '4', '保研必考，遇到姜老师不会就完了', array[]::text[], '', 'published', '2026-05-22');
insert into reviews (id, offering_id, term, workload, grading, assessment, rating, content, tags, contact, status, created_at) values ('review-0057', 'offering-026', '', '不确定', '不确定', '不确定', '4', '非常温柔！给我哄成胚胎了', array[]::text[], '', 'published', '2026-05-22');
insert into reviews (id, offering_id, term, workload, grading, assessment, rating, content, tags, contact, status, created_at) values ('review-0058', 'offering-026', '', '不确定', '不确定', '不确定', '4', '好老师', array[]::text[], '', 'published', '2026-05-22');
insert into reviews (id, offering_id, term, workload, grading, assessment, rating, content, tags, contact, status, created_at) values ('review-0059', 'offering-027', '', '不确定', '不确定', '不确定', '4', '老师人很好，讲的比较扎实', array[]::text[], '', 'published', '2026-05-22');
insert into reviews (id, offering_id, term, workload, grading, assessment, rating, content, tags, contact, status, created_at) values ('review-0060', 'offering-027', '', '不确定', '不确定', '不确定', '4', '不推荐（单从讲课上）', array[]::text[], '', 'published', '2026-05-22');
insert into reviews (id, offering_id, term, workload, grading, assessment, rating, content, tags, contact, status, created_at) values ('review-0061', 'offering-028', '', '不确定', '不确定', '不确定', '4', '中规中矩，能把基本内容学会，考试不难', array[]::text[], '', 'published', '2026-05-22');
insert into reviews (id, offering_id, term, workload, grading, assessment, rating, content, tags, contact, status, created_at) values ('review-0062', 'offering-029', '', '不确定', '不确定', '不确定', '4', '课程比较轻松，考试认真准备', array[]::text[], '', 'published', '2026-05-22');
insert into reviews (id, offering_id, term, workload, grading, assessment, rating, content, tags, contact, status, created_at) values ('review-0063', 'offering-030', '', '不确定', '不确定', '不确定', '4', '老师人很好', array[]::text[], '', 'published', '2026-05-22');
insert into reviews (id, offering_id, term, workload, grading, assessment, rating, content, tags, contact, status, created_at) values ('review-0064', 'offering-031', '', '不确定', '不确定', '不确定', '4', '没作业，不怎么考勤，会邀请校友来分享进展，考试闭卷，要背的东西挺多', array[]::text[], '', 'published', '2026-05-22');
insert into reviews (id, offering_id, term, workload, grading, assessment, rating, content, tags, contact, status, created_at) values ('review-0065', 'offering-032', '', '不确定', '不确定', '不确定', '4', '考试闭卷，要背的东西比较多，作业很少', array[]::text[], '', 'published', '2026-05-22');
insert into reviews (id, offering_id, term, workload, grading, assessment, rating, content, tags, contact, status, created_at) values ('review-0066', 'offering-033', '', '不确定', '不确定', '不确定', '4', '老师是电镜专家，上课行云流水容易听不懂，小组作业容易遇到神人，但考试全是原题尽管来找我们要', array[]::text[], '', 'published', '2026-05-22');
insert into reviews (id, offering_id, term, workload, grading, assessment, rating, content, tags, contact, status, created_at) values ('review-0067', 'offering-034', '', '不确定', '不确定', '不确定', '4', '内容偏实践，非硬核课程', array[]::text[], '', 'published', '2026-05-22');
insert into reviews (id, offering_id, term, workload, grading, assessment, rating, content, tags, contact, status, created_at) values ('review-0068', 'offering-035', '', '不确定', '不确定', '不确定', '4', '老师人不错，讲的还好，期中较简单，期末有点难，但是应该调分了（），最后成绩还可以', array[]::text[], '', 'published', '2026-05-22');
insert into reviews (id, offering_id, term, workload, grading, assessment, rating, content, tags, contact, status, created_at) values ('review-0069', 'offering-036', '', '不确定', '不确定', '不确定', '4', '老师人很好，ppt是基于李国林老师修改的，但是难度低很多', array[]::text[], '', 'published', '2026-05-22');
insert into reviews (id, offering_id, term, workload, grading, assessment, rating, content, tags, contact, status, created_at) values ('review-0070', 'offering-036', '', '不确定', '不确定', '不确定', '4', '只想要完成培养方案并拿到高绩点的，不推荐选这个，课程难度比集成电路开课的电电大，优秀率疑似只有20%（不确定），想学到真东西的可以选，老师讲的很好（上课的教室在罗姆楼的一个无窗小会议室，闷热不透气，差评）', array[]::text[], '', 'published', '2026-05-22');
insert into reviews (id, offering_id, term, workload, grading, assessment, rating, content, tags, contact, status, created_at) values ('review-0071', 'offering-037', '', '不确定', '不确定', '不确定', '4', '课程量大，拖堂很普遍。作业偏多偏难。考试也偏难。适合想挑战自己的同学。', array[]::text[], '', 'published', '2026-05-22');
insert into reviews (id, offering_id, term, workload, grading, assessment, rating, content, tags, contact, status, created_at) values ('review-0072', 'offering-037', '', '不确定', '不确定', '不确定', '4', 'glgg的强度还是很大的', array[]::text[], '', 'published', '2026-05-22');
insert into reviews (id, offering_id, term, workload, grading, assessment, rating, content, tags, contact, status, created_at) values ('review-0073', 'offering-038', '', '不确定', '不确定', '不确定', '4', '真神无需多言', array[]::text[], '', 'published', '2026-05-22');
insert into reviews (id, offering_id, term, workload, grading, assessment, rating, content, tags, contact, status, created_at) values ('review-0074', 'offering-038', '', '不确定', '不确定', '不确定', '4', '唯一真神', array[]::text[], '', 'published', '2026-05-22');
insert into reviews (id, offering_id, term, workload, grading, assessment, rating, content, tags, contact, status, created_at) values ('review-0075', 'offering-038', '', '不确定', '不确定', '不确定', '4', '夯爆了，无脑入', array[]::text[], '', 'published', '2026-05-22');
insert into reviews (id, offering_id, term, workload, grading, assessment, rating, content, tags, contact, status, created_at) values ('review-0076', 'offering-039', '', '不确定', '不确定', '不确定', '4', '认真上课包能听懂，最大困难在于如何选上课', array[]::text[], '', 'published', '2026-05-22');
insert into reviews (id, offering_id, term, workload, grading, assessment, rating, content, tags, contact, status, created_at) values ('review-0077', 'offering-040', '', '不确定', '不确定', '不确定', '4', '非常好老师！个人觉得跟着老师好好学应该能拿到不错的成绩', array[]::text[], '', 'published', '2026-05-22');
insert into reviews (id, offering_id, term, workload, grading, assessment, rating, content, tags, contact, status, created_at) values ('review-0078', 'offering-041', '', '不确定', '不确定', '不确定', '4', '作业量超级少，讲课就是正常水平吧，不想写作业的🉑冲', array[]::text[], '', 'published', '2026-05-22');
insert into reviews (id, offering_id, term, workload, grading, assessment, rating, content, tags, contact, status, created_at) values ('review-0079', 'offering-042', '', '不确定', '不确定', '不确定', '4', '杨老师喜欢补充一些有意思的拓展内容（考核不要求），PPT非常详细适合自学。只要能接受作业量（每周四十道题左右），就可以放心选', array[]::text[], '', 'published', '2026-05-22');
insert into reviews (id, offering_id, term, workload, grading, assessment, rating, content, tags, contact, status, created_at) values ('review-0080', 'offering-042', '', '不确定', '不确定', '不确定', '4', '讲课比较没意思，主要就是读PPT，但是PPT做得很好，适合自学  任务量极大而且作业很难，习题课也又多又难，适合想要挑战自我的同学（不想选的人也可以蹭他的PPT）', array[]::text[], '', 'published', '2026-05-22');
insert into reviews (id, offering_id, term, workload, grading, assessment, rating, content, tags, contact, status, created_at) values ('review-0081', 'offering-043', '', '不确定', '不确定', '不确定', '4', '人美心善，上课会和同学开玩笑，作业也不多，但是习题课用的是晏平老师的，还是有一定难度', array[]::text[], '', 'published', '2026-05-22');
insert into reviews (id, offering_id, term, workload, grading, assessment, rating, content, tags, contact, status, created_at) values ('review-0082', 'offering-044', '', '不确定', '不确定', '不确定', '4', '讲课生动有趣，很有吸引力，但是作业比较多', array[]::text[], '', 'published', '2026-05-22');
insert into reviews (id, offering_id, term, workload, grading, assessment, rating, content, tags, contact, status, created_at) values ('review-0083', 'offering-044', '', '不确定', '不确定', '不确定', '4', '作业太多了不想说话', array[]::text[], '', 'published', '2026-05-22');
insert into reviews (id, offering_id, term, workload, grading, assessment, rating, content, tags, contact, status, created_at) values ('review-0084', 'offering-044', '', '不确定', '不确定', '不确定', '4', '作业可以选做，ppt不错，有自己特色的小人', array[]::text[], '', 'published', '2026-05-22');
insert into reviews (id, offering_id, term, workload, grading, assessment, rating, content, tags, contact, status, created_at) values ('review-0085', 'offering-045', '', '不确定', '不确定', '不确定', '4', '夯爆了，老师手写笔记上课，资料超级全，讲课略快但是很清晰，老师回答问题很耐心，给分不错，接近90基本都给4.0，作业略多但能接受', array[]::text[], '', 'published', '2026-05-22');
insert into reviews (id, offering_id, term, workload, grading, assessment, rating, content, tags, contact, status, created_at) values ('review-0086', 'offering-046', '', '不确定', '不确定', '不确定', '4', '任务量不大，讲解很注重几何意义和直观理解，适合思维拓展。不过可能因为是新老师，个别地方体系不太清晰，需要自学弥补。', array[]::text[], '', 'published', '2026-05-22');
insert into reviews (id, offering_id, term, workload, grading, assessment, rating, content, tags, contact, status, created_at) values ('review-0087', 'offering-047', '', '不确定', '不确定', '不确定', '4', '松弛感拉满，课件全是古早网络梗  给分超好，大作业把功能做的差不多就满分，而且不考勤，就是平时作业有点难度', array[]::text[], '', 'published', '2026-05-22');
insert into reviews (id, offering_id, term, workload, grading, assessment, rating, content, tags, contact, status, created_at) values ('review-0088', 'offering-047', '', '不确定', '不确定', '不确定', '4', '课件详细有趣，上课风趣，不考勤（除非去的人非常少，没遇见过）。选课来提取你的4.0', array[]::text[], '', 'published', '2026-05-22');
insert into reviews (id, offering_id, term, workload, grading, assessment, rating, content, tags, contact, status, created_at) values ('review-0089', 'offering-047', '', '不确定', '不确定', '不确定', '4', '上课比较轻松，应该会调分。', array[]::text[], '', 'published', '2026-05-22');
insert into reviews (id, offering_id, term, workload, grading, assessment, rating, content, tags, contact, status, created_at) values ('review-0090', 'offering-048', '', '不确定', '不确定', '不确定', '4', 'c语言，讲的还不错，线上听回放会被截', array[]::text[], '', 'published', '2026-05-22');
insert into reviews (id, offering_id, term, workload, grading, assessment, rating, content, tags, contact, status, created_at) values ('review-0091', 'offering-048', '', '不确定', '不确定', '不确定', '4', '考试特简单，给分很好还会捞人', array[]::text[], '', 'published', '2026-05-22');
insert into reviews (id, offering_id, term, workload, grading, assessment, rating, content, tags, contact, status, created_at) values ('review-0092', 'offering-048', '', '不确定', '不确定', '不确定', '4', '选课社区评价把我骗进去拿了超低绩点…零基础勿选，期末难搞', array[]::text[], '', 'published', '2026-05-22');
insert into reviews (id, offering_id, term, workload, grading, assessment, rating, content, tags, contact, status, created_at) values ('review-0093', 'offering-049', '', '不确定', '不确定', '不确定', '4', '超级喜欢胖胖的温柔的陈豪老师，上课有趣，作业量也不大，最后给分还很好，就是小组任务对社恐患者不太友好', array[]::text[], '', 'published', '2026-05-22');
insert into reviews (id, offering_id, term, workload, grading, assessment, rating, content, tags, contact, status, created_at) values ('review-0094', 'offering-049', '', '不确定', '不确定', '不确定', '4', '北大考古博士，人美心善，可能会组织出去玩？', array[]::text[], '', 'published', '2026-05-22');
insert into reviews (id, offering_id, term, workload, grading, assessment, rating, content, tags, contact, status, created_at) values ('review-0095', 'offering-050', '', '不确定', '不确定', '不确定', '4', '主题是代际，初看可能会觉得不感兴趣，但是只要和某一代人扯上关系，几乎可以写所有写沟主题的内容。老师人美心善，任务主要是网络学堂讨论，给分特别好', array[]::text[], '', 'published', '2026-05-22');
insert into reviews (id, offering_id, term, workload, grading, assessment, rating, content, tags, contact, status, created_at) values ('review-0096', 'offering-051', '', '不确定', '不确定', '不确定', '4', '电电电电春季学期同开两门课，mljj的英文授课，两个班内容基本一致，考试一起考。相较于两学分课程，总内容似乎略少（毕竟一个买二赠二一个买四赠二...），但是比较有强度，适合希望深耕电路方向的同学。第六周期中一，考察电路分析方法，第十二周期中二，考察BJT和MOSFET，期末考考察放大器、数字电路等。英文授课疑似限制了老师发挥，不建议特地选择英文课。', array[]::text[], '', 'published', '2026-05-22');
insert into reviews (id, offering_id, term, workload, grading, assessment, rating, content, tags, contact, status, created_at) values ('review-0097', 'offering-052', '', '不确定', '不确定', '不确定', '4', '中文授课，英文课件，老师很和蔼，上课氛围超级轻松，讲课也很不错。ppt以mljj的课件为主体，会在旁边额外批注自己的补充，还会穿插自己的补充ppt，给分据说按比例给（相当于调分），作业到后期略多，但能够接受', array[]::text[], '', 'published', '2026-05-22');
insert into reviews (id, offering_id, term, workload, grading, assessment, rating, content, tags, contact, status, created_at) values ('review-0098', 'offering-053', '', '不确定', '不确定', '不确定', '4', '鹰哥喜欢提前下课放同学们吃午饭，可以不听自学', array[]::text[], '', 'published', '2026-05-22');
insert into reviews (id, offering_id, term, workload, grading, assessment, rating, content, tags, contact, status, created_at) values ('review-0099', 'offering-053', '', '不确定', '不确定', '不确定', '4', '满级催眠师，和蔼的胖橘猫一枚，适合自学，作业只要做了就行，考试很多都是原题，但是不是原题的也不好弄，在这三位中相对推荐', array[]::text[], '', 'published', '2026-05-22');
insert into reviews (id, offering_id, term, workload, grading, assessment, rating, content, tags, contact, status, created_at) values ('review-0100', 'offering-054', '', '不确定', '不确定', '不确定', '4', '讲的非常好，适合真的想提高物理理解的同学。英文授课，给分主要要面临和未央同学的竞争，所以比较难', array[]::text[], '', 'published', '2026-05-22');
insert into reviews (id, offering_id, term, workload, grading, assessment, rating, content, tags, contact, status, created_at) values ('review-0101', 'offering-055', '', '不确定', '不确定', '不确定', '4', '讲课有人觉得一般有人觉得很好，但期末考试大半都考原题，而且如果你平时全勤老师可能会给你往上捞一档', array[]::text[], '', 'published', '2026-05-22');
insert into reviews (id, offering_id, term, workload, grading, assessment, rating, content, tags, contact, status, created_at) values ('review-0102', 'offering-056', '', '不确定', '不确定', '不确定', '4', '大水课', array[]::text[], '', 'published', '2026-05-22');
insert into reviews (id, offering_id, term, workload, grading, assessment, rating, content, tags, contact, status, created_at) values ('review-0103', 'offering-057', '', '不确定', '不确定', '不确定', '4', '没上过TIC但是曾老师是我的新生导师，有和几个同学一起约饭聊过，曾老师是做类脑计算材料的，人也很好，对这方面感兴趣可冲', array[]::text[], '', 'published', '2026-05-22');
insert into reviews (id, offering_id, term, workload, grading, assessment, rating, content, tags, contact, status, created_at) values ('review-0104', 'offering-062', '', '不确定', '不确定', '不确定', '4', '（选的时候叫增材制造🤔️），喜欢熬夜者的天堂（通宵那种），但确实能学到东西，挺充实的', array[]::text[], '', 'published', '2026-05-22');
insert into reviews (id, offering_id, term, workload, grading, assessment, rating, content, tags, contact, status, created_at) values ('review-0105', 'offering-062', '', '不确定', '不确定', '不确定', '4', '这林涛非常坏，指导学生做实验的时候不告诉学生自己现有的研究成果，让学生自己基本上从零开始摸索，当然这应该是林涛独特的教学观念，好在林涛会请实验做的晚的同学吃外卖，贪吃的同学可以入', array[]::text[], '', 'published', '2026-05-22');
insert into reviews (id, offering_id, term, workload, grading, assessment, rating, content, tags, contact, status, created_at) values ('review-0106', 'offering-063', '', '不确定', '不确定', '不确定', '4', '这研究方向有问题啊，讲的基本是导航系统、mems，理论课偏多，老师很好，会顾及同学们的感受', array[]::text[], '', 'published', '2026-05-22');
insert into reviews (id, offering_id, term, workload, grading, assessment, rating, content, tags, contact, status, created_at) values ('review-0107', 'offering-064', '', '不确定', '不确定', '不确定', '4', '任务量大，慎重慎重', array[]::text[], '', 'published', '2026-05-22');
insert into reviews (id, offering_id, term, workload, grading, assessment, rating, content, tags, contact, status, created_at) values ('review-0108', 'offering-065', '', '不确定', '不确定', '不确定', '4', '数学课，但挺有意思，讲的东西也很实用，在这个领域很基础，放到相关领域也差不多能用', array[]::text[], '', 'published', '2026-05-22');
insert into reviews (id, offering_id, term, workload, grading, assessment, rating, content, tags, contact, status, created_at) values ('review-0109', 'offering-066', '', '不确定', '不确定', '不确定', '4', '光学实验课，任务量取决于调光路时间，最好有基物光学基础', array[]::text[], '', 'published', '2026-05-22');
insert into reviews (id, offering_id, term, workload, grading, assessment, rating, content, tags, contact, status, created_at) values ('review-0110', 'offering-067', '', '不确定', '不确定', '不确定', '4', '和另一个老师合开，另一个老师做声音滤波，尉老师做气体浓度的激光传感器，主要是光学传感方向。老师和学长人很好，内容有点点复杂，可能需要一定的基物3知识', array[]::text[], '', 'published', '2026-05-22');
insert into reviews (id, offering_id, term, workload, grading, assessment, rating, content, tags, contact, status, created_at) values ('review-0111', 'offering-067', '', '不确定', '不确定', '不确定', '4', '如果今年不变的话会有三个内容。第一个是曾理江老师主讲的全息光栅的制作，带大家制作光栅并且测量光栅周期。第二个内容是激光远程多普勒侦听，利用多普勒效应完整振动检测。前置知识是多普勒效应，课程中会涉及到一小部分的MATLAB信号处理内容。第三部分是尉昊赟老师主讲的激光吸收光谱检测，会带大家看直接吸收光谱（DAS）和波长调制光谱（WMS）的原理与具体实验，实验中会讲述LabVIEW的使用，大家会实现一个锁相解调。整体方向为光学测量与传感，偏向工程应用。在动手操作中提升能力。', array[]::text[], '', 'published', '2026-05-22');
insert into reviews (id, offering_id, term, workload, grading, assessment, rating, content, tags, contact, status, created_at) values ('review-0112', 'offering-068', '', '不确定', '不确定', '不确定', '4', '和朱均孔令杰老师合开，基本就是介绍各自研究方向，平时没作业非常水', array[]::text[], '', 'published', '2026-05-22');
insert into reviews (id, offering_id, term, workload, grading, assessment, rating, content, tags, contact, status, created_at) values ('review-0113', 'offering-069', '', '不确定', '不确定', '不确定', '4', '主要内容是给机器狗做编程，但是使用的机械狗年代久远，有好多库没有安装或者版本太老，调试起来90%的时间都花在配环境上，比较坐牢（也许这也是一种锻炼）', array[]::text[], '', 'published', '2026-05-22');
insert into reviews (id, offering_id, term, workload, grading, assessment, rating, content, tags, contact, status, created_at) values ('review-0114', 'offering-070', '', '不确定', '不确定', '不确定', '4', '课程内容主要是超透镜、光镊、激光加工、超分辨成像的原理讲解与实验，上课内容比较扎实，任务主要为研究报告的攥写且字数无强制要求，当水课能学一定东西，想深入探究老师也会给予一定的支持。而且助教人都超好，在作业中批注的问题基本都有回复，也会帮助进行实验准备。总体而言比较推荐', array[]::text[], '', 'published', '2026-05-22');
insert into reviews (id, offering_id, term, workload, grading, assessment, rating, content, tags, contact, status, created_at) values ('review-0115', 'offering-072', '', '不确定', '不确定', '不确定', '4', '以实验为主，每个实验两到三课时完成，最后一个是微流控芯片制作 。都是助教带领，每次实验前会有理论的讲解，不过助教有的很💩有的很负责，整体比较推荐，', array[]::text[], '', 'published', '2026-05-22');
insert into reviews (id, offering_id, term, workload, grading, assessment, rating, content, tags, contact, status, created_at) values ('review-0116', 'offering-073', '', '不确定', '不确定', '不确定', '4', '任务量小，适合放松身心（bushi', array[]::text[], '', 'published', '2026-05-22');
insert into reviews (id, offering_id, term, workload, grading, assessment, rating, content, tags, contact, status, created_at) values ('review-0117', 'offering-073', '', '不确定', '不确定', '不确定', '4', '任务基本就是去看看实验室，动手玩两下，没有任何任务，不想花时间的可以考虑（）', array[]::text[], '', 'published', '2026-05-22');
insert into reviews (id, offering_id, term, workload, grading, assessment, rating, content, tags, contact, status, created_at) values ('review-0118', 'offering-074', '', '不确定', '不确定', '不确定', '4', '【推荐大一】几个老师合开，注意拼手速二级选课选方向（医学影像、神经工程，微纳医学，按照往年信息来看神经最火），没有基础要求，而且比较好玩，比较适合大一同学入手，', array[]::text[], '', 'published', '2026-05-22');
insert into reviews (id, offering_id, term, workload, grading, assessment, rating, content, tags, contact, status, created_at) values ('review-0119', 'offering-074', '', '不确定', '不确定', '不确定', '4', '微纳医学方向，目前看来很水（）', array[]::text[], '', 'published', '2026-05-22');
insert into reviews (id, offering_id, term, workload, grading, assessment, rating, content, tags, contact, status, created_at) values ('review-0120', 'offering-074', '', '不确定', '不确定', '不确定', '4', '神经工程方向，平时课很水，虽然会讲一堆理论且听不懂，但是好消息是听不懂也没事。课程衔接好像有点问题，不同老师会把同一个事情反复讲。大作业是小组合作做一个mri的数据分析，助教很好基本会给你把代码都给你，可以直接开摆，但是想继续深入做的会因为小组合作的形式而相当赤石', array[]::text[], '', 'published', '2026-05-22');
insert into reviews (id, offering_id, term, workload, grading, assessment, rating, content, tags, contact, status, created_at) values ('review-0121', 'offering-076', '', '不确定', '不确定', '不确定', '4', '另外我记得有教大家怎么养细胞的环节，不知道现在是什么流程', array[]::text[], '', 'published', '2026-05-22');
insert into reviews (id, offering_id, term, workload, grading, assessment, rating, content, tags, contact, status, created_at) values ('review-0122', 'offering-078', '', '不确定', '不确定', '不确定', '4', '基本是一节讲座一节实验的形式最后留2周安排做最后实验，做多少学多少看自己意愿，实验设计都比较有意思，不需要有太好的电路基础。课程内容和老师自己研究方向相关性不强，如果想对整个集电方向有个大概的了解很建议选。', array[]::text[], '', 'published', '2026-05-22');
insert into reviews (id, offering_id, term, workload, grading, assessment, rating, content, tags, contact, status, created_at) values ('review-0123', 'offering-079', '', '不确定', '不确定', '不确定', '4', '大水课', array[]::text[], '', 'published', '2026-05-22');
insert into reviews (id, offering_id, term, workload, grading, assessment, rating, content, tags, contact, status, created_at) values ('review-0124', 'offering-079', '', '不确定', '不确定', '不确定', '4', '想学东西的话建议有电电基础的同学选修，当半个电电实验+半个cad习题课上，无电电基础的跟着操作手册走也能做出东西，当通识水课上。
上课教室在集电实验室，平时坐一堆仪器后面摸鱼老师也看不到你（
而且助教人很好，会手把手带你做CAD，耐心讲解每个现象之后的原理', array[]::text[], '', 'published', '2026-05-22');
insert into reviews (id, offering_id, term, workload, grading, assessment, rating, content, tags, contact, status, created_at) values ('review-0125', 'offering-080', '', '不确定', '不确定', '不确定', '4', '内容主要是给机器狗进行简单编程和图像的处理，任务量适中。', array[]::text[], '', 'published', '2026-05-22');
commit;
